INSERT INTO players (player_id, username, email) VALUES 
    (101, 'Alice', 'alice.bing@gmail.com'),
    (102, 'Bob', 'bob77@hotmail.com)'),
    (103, 'Charlie', 'CharlieDunn@gmail.com');

INSERT INTO badges (badge_id, badge_name, badge_url) VALUES 
    (1, 'Black Widow', '/static/img/BlackWidowBadge.png'),
    (2, 'Brown Recluse', '/static/img/BrownRecluseBadge.png'),
    (3, 'Cellar', '/static/img/CellarBadge.png'),
    (4, 'WolfBadge', '/static/img/WolfBadge.png');

INSERT INTO playerbadges (date_awarded, player_id, badge_id) VALUES 
    ('2024-04-01', 101, 1),
    ('2024-04-05', 101, 2),
    ('2024-04-10', 103, 1),
    ('2024-04-10', 103, 2),
    ('2024-04-10', 103, 3),
    ('2024-04-10', 103, 4);

INSERT INTO scores (score_id, score, score_date, player_id) VALUES
    (301, 100, '2024-04-01', 101),
    (302, 200, '2024-04-02', 101),
    (303, 300, '2024-04-03', 101),
    (304, 400, '2024-04-04', 101),
    (305, 500, '2024-04-05', 101),
    (306, 600, '2024-04-06', 101),
    (307, 700, '2024-04-07', 101),
    (308, 800, '2024-04-08', 101),
    (309, 900, '2024-04-09', 101),
    (310, 1000, '2024-04-10', 101),
    (311, 100, '2024-04-01', 102),
    (312, 200, '2024-04-02', 102),
    (313, 300, '2024-04-03', 102),
    (314, 400, '2024-04-04', 102),
    (315, 500, '2024-04-05', 102),
    (316, 600, '2024-04-06', 102),
    (317, 700, '2024-04-07', 102),
    (318, 800, '2024-04-08', 102),
    (319, 900, '2024-04-09', 102),
    (320, 1000, '2024-04-10', 102),
    (321, 100, '2024-04-01', 103),
    (322, 200, '2024-04-02', 103),
    (323, 300, '2024-04-03', 103),
    (324, 400, '2024-04-04', 103),
    (325, 500, '2024-04-05', 103),
    (326, 600, '2024-04-06', 103),
    (327, 700, '2024-04-07', 103);